diegoe6243,did:privy:clziecfu101a7ctbqtqvshpep,336
marcolee5466,did:privy:clzid24kg04gbvf2z4pqn1epx,336
greem7265,did:privy:clzha0dn20flu1267f7xj8dxz,336
carmino4926,did:privy:clzh9270v03f6kzqtc9356lme,336
mercy8143,did:privy:clzil8xhe0hlaq39kg89jlouw,336
bright010060,did:privy:clzihb4d703b149ovqyd5hj6y,336
veejay2372,did:privy:clzhk4mz10049137pi4h4jb87,336
richardo9433,did:privy:clziej44i00azylewvxiojuzq,336
nftgom,did:privy:clzh983ue00gxa4ef4lg4r0gt,336
akanni6549,did:privy:clzirs67m00ogq7dpcj56uvbv,336
paller73553,did:privy:clzid3is300rvpeqckaks3hrk,336
nickie7831,did:privy:clzia1d9u07o5ig9nlzeq0w4k,336
ayinla3803,did:privy:clzirwsyw05wvc4jnv0q8essq,336
labby7913,did:privy:clzickdy004adyc84iqktvu07,336
amaspacedefi2406,did:privy:clz2d9v5u052fyxirqzgjkagu,336
omolola9326,did:privy:clzha8qdj045h4ef61v5sdki6,336
chris0013703,did:privy:clzieggmn04qfgasirv4oq5lp,336
freeky9803,did:privy:clzha7ky80ck0gw87hfbtbj6m,336
vincent8420,did:privy:clzib5gqe01fv13phh6lf17q5,336
groller8533,did:privy:clzha6def03zt4ef6edkjfpjz,336
akinola3858,did:privy:clziruiay06tg2f5o3ysr4r6q,336
petrous1630,did:privy:clzibdb87001ve9g8pwalbhzq,336
godsent5476,did:privy:clziefcbn03138wid38zhobpu,336
cabree7654,did:privy:clziljk6x04l3wpp59k0m9tre,336
kylian3642,did:privy:clzgn6hzg03wrjidv96vbt3eb,336
thurker73553,did:privy:clzicz9fz01nb12l1jcmxdm92,336
opeyemi4734,did:privy:clziq0c9h00kr14bm07lamkf8,336
challot1890,did:privy:clzgnjd3r01qjn1ldjzau7ocf,336
colaste,did:privy:clzh99eve008ve4f3xvg21wij,336
elijah7546,did:privy:clzilfv2f08uwh432l8t98y4g,336
goldy4199,did:privy:clzihe74v0dst73v7u1r8b4ne,336
bliss8104,did:privy:clzia3yrg00g76a2qowchn4et,336
demmy4867,did:privy:clzgtzvha06bfqz9zylycynyl,336
olayemi0113,did:privy:clzis11rn07oy2f5oml4k23al,336
zesty05409,did:privy:clzibc62e0067110kfp8tllp1,336
raddle3556,did:privy:clzhk3jbs0em7o3vp5insj5m0,336
indigo6135,did:privy:clzihg2et05qcwkyr4jz47pcv,336
bradley2905,did:privy:clzia6cc300l3seuppgmqq1kj,336
ryfle2837,did:privy:clzgtwltf06wdscewkbzsmdoh,336
olamilekan9220,did:privy:clzirvp7w01nryfq5n9dyf4ma,336
ricky_black.,did:privy:clzh9k1s4029hc46lt0li88af,336
droller3205,did:privy:clzibfw1e03it11ihnas2wpg7,336
tizzy5949,did:privy:clzh95gid0byz1267nr2kxf34,336
franky3429,did:privy:clziam7s20apr9a3czfrivua8,336
teejah3287,did:privy:clzigx3si0995ylew5v5joa8h,336
lemonner73663,did:privy:clzid0h0900qr5w5gnf3vyh2k,336
bravo7638,did:privy:clzhk2kv20317g2161xy8u6zb,336
massive0615,did:privy:clzgtul9h083t898ecovs99it,336
stancy7055,did:privy:clzha5c7l03nj1ys5prwc81up,336
zully8897,did:privy:clzhk6vmg00d5uhch1mvnc9fu,336
shigo1545,did:privy:clzigvxma02sliw92h7ygfzb8,336
keem4821,did:privy:clzgtpkqx0fh1russm46yz24b,336
abefe8128,did:privy:clzirlhn804tlgkdq15tz3pr1,336
uthman7652,did:privy:clzir6z0303sjlv6pgiwlq4k7,336
termina3371,did:privy:clzihml5z0b06142n6s3m5wbk,336
kamal3614,did:privy:clzirpwng04id5qeyzrzrcfib,336
samson05607,did:privy:clzgu40rq08g8zp1z2xk8ldqv,336
godmercy3242,did:privy:clzihjw23067bhzfxvp96exdt,336
gattuso6923,did:privy:clziawgof0bsp17fm7fy13dtv,336
joecrypt8746,did:privy:clzib6kef01o3nug2v95ks4yo,336
samuel1886,did:privy:clzird0k9049e3084qlmkatbr,336
moses8135,did:privy:clzil2cs203tw13zi2gqbfl62,336
gremmy8501,did:privy:clzhkbzs8019vg73rcy9z73sh,336
stormkiller8524,did:privy:clzha1ron06whf2nwrgxwwkgn,336
ferrao1602,did:privy:clziavg1x00ttid0nxszvrtxy,336
roofer3483,did:privy:clzhkggvc0fkjo3vpzxbwjulw,336
olamide7324,did:privy:clzirnqr500phyfq5te4wdxut,336
hemmy2892,did:privy:clziajph70auve2ziuqm662sz,336
orcan7646,did:privy:clzih6p740a3jyxeqk4hva249,336
howell6481,did:privy:clzhkhjuw03q9d75eiwxa9ilc,336
blafer_dee,did:privy:clzhabu6n07lekzqt5w930o5v,336
clifford4547,did:privy:clziaqxv20ahbeww3p8bgi8ac,336
valeemee9876,did:privy:clzilsxdi00a5mkil3tliawpg,336
hagger4440,did:privy:clzhke5f901n1s7vtg0re2o79,336
jenntee74646,did:privy:clzid64w500bx9zvua73vk5rx,336
ojob1177,did:privy:clzid997k00rnzpnei9853var,336
kingy8256,did:privy:clzha3p7h031kqluxyvlhyzkv,336
isaiah011958,did:privy:clzil4o4l06gndytswagnstes,336
readox2375,did:privy:clzi9yxvv0gbe10h1t2jl32p3,336
salam6440,did:privy:clzir8eaf01q013sobvtzdz4n,336
goodness6486,did:privy:clziehx2g08mzvf2zfrm3nr82,336
fischer7845,did:privy:clzibe9em00m31uitbucq8gn7,336
xanny4130,did:privy:clzgu24al08yh11t990fsapk4,336
baba4708,did:privy:clzh8t8nv0digxo6yj59zr02d,336
loggarozz,did:privy:clzh9d76e015b1j1tjafp6y59,336
davilee2454,did:privy:clzh9g52602nrsful386q3c7m,336
vollero63535,did:privy:clzidbtb8029j11uewjdbq2hl,336
olivertx8671,did:privy:clzh9c4vp02ajco7knh5x4ubn,336
happiness2799,did:privy:clziee85g07d11083kbzp7ch7,336
voshy7988,did:privy:clzgtbova061lr8humi5i5oto,336
assidiq2705,did:privy:clzis3i7v064yrirdcavo9jue,336
amarico0608,did:privy:clzha9rsw04m1mudwqs6m1t15,336
tycool8416,did:privy:clzgtxwfh02o712tntvha2l1i,336
graller5544,did:privy:clzilidwk04wcdk4eno56adke,336
kingstone7956,did:privy:clzbenc5w08n4wwg8mafd2ntf,336
precious3633,did:privy:clzirial304gjc4jn194hvubm,336
perry9215,did:privy:clzhjyq9v02ejg216ktrl5n7u,336
loveth03203,did:privy:clzhaanej0if111gt5m7zd9iy,336
adewumi5687,did:privy:clzian64l0av19a3c0y1pffwj,336
rockee6543,did:privy:clzicpsoa01kxa9rrn5swuxwb,336
milli3428,did:privy:clzh9b1re025y1hyrmw0h8y01,336
kobby7699,did:privy:clzbeosbh07qyc6g2vlvgv5cd,336
