builders-build,100,12/6/2023,
genesis-x,170,1/16/2024,
gaming-art-contest,68,2/5/2024,
collision-2024,80,2/19/2024,
battle-of-bc-2024,110,2/27/2024,
goml-2024,150,4/1/2024,
combo-breaker-2024,69,4/12/2024,
pokemon-art-contest,79,3/28/2024,
evo-japan-2024,80,3/29/2024,
evo-2024,533,6/9/2024,
tipped-off-15,190,4/24/2024,
nouns-fest-showcase,270,6/9/2024,
nouns-funds-tournaments-1,735,6/9/2024,
nouncraft,113,6/13/2024,
nexus-art-contest,96,6/9/2024,
unite-worlds,236,7/10/2024,
supernova-2024,720,6/9/2024,
nounsvitational-merch,412,7/4/2024,
sf6-combo-challenge,127,7/9/2024,
nouns-funds-tournaments-2,921,7/7/2024,
ti,419,7/17/2024,
