chrislee13#0,
loxetztb#0,
loxetztb#0,
loxetztb#0,
declanit#0,
demo_zee#0,
dan_tate#0,
jeremyp89#0,
garindranr#0,
darlingtonkey#0,
pete8482#0,
iamivi#0,
snipher_#0,
amaspacedefi2406#0,
kingstone7956#0,
kobby7699#0,
remsurmzee#0,
kylian3642#0,
gabby_sleek#0,
challot1890#0,
mollar_#0,
yaxeed.#0,
voshy7988#0,
crypoo.#0,
keem4821#0,
lartylex#0,
massive0615#0,
ryfle2837#0,
tycool8416#0,
demmy4867#0,
xanny4130#0,
samson05607#0,
carmino4926#0,
tizzy5949#0,
nftgom#0,
colaste#0,
milli3428#0,
olivertx8671#0,
loggarozz#0,
cimitez#0,
davilee2454#0,
ricky_black.#0,
greem7265#0,
stormkiller8524#0,
kingy8256#0,
stancy7055#0,
groller8533#0,
freeky9803#0,
omolola9326#0,
amarico0608#0,
loveth03203#0,
blafer_dee#0,
